 	да	да	INTJ	_	_	_	_	_	@kt1997m-words#@kt1997m#8.973#9.172
2	во	в	ADP	_	_	_	_	_	@kt1997m-words#@kt1997m#9.172#9.371
3	фрути	фруть	X	_	_	_	_	_	@kt1997m-words#@kt1997m#9.371#9.57
4	лупсе	лупс	X	_		_	_	_	@kt1997m-words#@kt1997m#9.57#9.769
5	ну	ну	INTJ	_	_	_	_	_	@kt1997m-words#@kt1997m#9.769#9.968
6	я	я	PRON	_	Case=Nom|Number=Sing|Person=1	_	_	_	@kt1997m-words#@kt1997m#9.968#10.167
7	я…	я	PRON	_	Case=Nom|Number=Sing|Person=1	_	_	_	@kt1997m-words#@kt1997m#10.167#10.367
8	я	я	PRON	_	Case=Nom|Number=Sing|Person=1	_	_	_	@kt1997m-words#@kt1997m#10.456#10.801
9	по	по	ADP	_	_	_	_	_	@kt1997m-words#@kt1997m#10.801#11.146
10	сути	суть	NOUN	_	Animacy=Inan|Case=Dat|Gender=Fem|Number=Sing	_	_	_	@kt1997m-words#@kt1997m#11.146#11.491
11	короче	короче	PART	_	_	_	_	_	@kt1997m-words#@kt1997m#11.491#11.836
12	типа	типа	PART	_	_	_	_	_	@kt1997m-words#@kt1997m#11.836#12.181
13	диджей	диджей	NOUN	_	Animacy=Anim|Case=Gen|Gender=Masc|Number=Plur	_	_	_	@kt1997m-words#@kt1997m#12.181#12.526
14	больше	больше	ADV	_	Degree=Cmp	_	_	_	@kt1997m-words#@kt1997m#12.526#12.871
15	чем…	чем	PRON	_	Case=Ins	_	_	_	@kt1997m-words#@kt1997m#12.871#13.216
16	#вздыхает#	#вздыхает#	X	_	_	_	_	_	@kt1997m-words#@kt1997m#13.216#13.561
17	да	да	PART	_	_	_	_	_	@kt1997m-words#@kt1997m#13.561#13.906
18	я	я	PRON	_	Case=Nom|Number=Sing|Person=1	_	_	_	@kt1997m-words#@kt1997m#13.906#14.251
19	диджей	диджей	NOUN	_	Animacy=Anim|Case=Ins|Gender=Masc|Number=Sing	_	_	_	@kt1997m-words#@kt1997m#14.251#14.596
20	ведь	ведь	PART	_	_	_	_	_	@kt1997m-words#@kt1997m#14.596#14.941
21	я	я	PRON	_	Case=Nom|Number=Sing|Person=1	_	_	_	@kt1997m-words#@kt1997m#14.941#15.286
22	сначала	сначала	ADV	_	Degree=Pos	_	_	_	@kt1997m-words#@kt1997m#15.286#15.631
23	сажусь	садиться	VERB	_	Aspect=Imp|Mood=Ind|Number=Sing|Person=1|Tense=Pres|VerbForm=Fin|Voice=Mid	_	_	_	@kt1997m-words#@kt1997m#15.631#15.976
24	за	за	ADP	_	_	_	_	_	@kt1997m-words#@kt1997m#15.976#16.321
25	гитару	гитара	NOUN	_	Animacy=Inan|Case=Acc|Gender=Fem|Number=Sing	_	_	_	@kt1997m-words#@kt1997m#16.321#16.666
26	и	и	CCONJ	_	_	_	_	_	@kt1997m-words#@kt1997m#16.666#17.011
27	придумываю…	придумывать	VERB	_	Aspect=Imp|Mood=Ind|Number=Sing|Person=1|Tense=Pres|VerbForm=Fin|Voice=Act	_	_	_	@kt1997m-words#@kt1997m#17.011#17.356
28	типа	типа	PART	_		_	_	_	@kt1997m-words#@kt1997m#17.356#17.701
29	гармонию	гармония	NOUN	_	Animacy=Inan|Case=Acc|Gender=Fem|Number=Sing	_	_	_	@kt1997m-words#@kt1997m#17.701#18.046
30	и	и	CCONJ	_	_	_	_	_	@kt1997m-words#@kt1997m#18.046#18.391
31	текст	текст	NOUN	_	Animacy=Inan|Case=Acc|Gender=Masc|Number=Sing	_	_	_	@kt1997m-words#@kt1997m#18.391#18.739
32	вот	вот	INTJ	_	_	_	_	_	@kt1997m-words#@kt1997m#19.674#20.054
33	иногда	иногда	ADV	_	Degree=Pos	_	_	_	@kt1997m-words#@kt1997m#20.054#20.434
34	просто	просто	ADV	_	Degree=Pos	_	_	_	@kt1997m-words#@kt1997m#20.434#20.814
35	гармонию	гармония	NOUN	_	Animacy=Inan|Case=Acc|Gender=Fem|Number=Sing	_	_	_	@kt1997m-words#@kt1997m#20.814#21.194
36	вокальную	вокальный	ADJ	_	Case=Acc|Degree=Pos|Gender=Fem|Number=Sing	_	_	_	@kt1997m-words#@kt1997m#21.194#21.574
37	партию…	партия	NOUN	_	Animacy=Inan|Case=Acc|Gender=Fem|Number=Sing	_	_	_	@kt1997m-words#@kt1997m#21.574#21.954
38	хм…	хм	INTJ	_	_	_	_	_	@kt1997m-words#@kt1997m#21.954#22.334
39	ну…	ну	INTJ	_	_	_	_	_	@kt1997m-words#@kt1997m#22.334#22.714
40	на	на	ADP	_	_	_	_	_	@kt1997m-words#@kt1997m#22.714#23.094
41	йогуртном	йогуртный	ADJ	_	Case=Loc|Degree=Pos|Gender=Masc|Number=Sing	_	_	_	@kt1997m-words#@kt1997m#23.094#23.474
42	английском	английский	ADJ	_	Case=Loc|Degree=Pos|Gender=Masc|Number=Sing	_	_	_	@kt1997m-words#@kt1997m#23.474#23.854
43	как	как	SCONJ	_	_	_	_	_	@kt1997m-words#@kt1997m#23.854#24.234
44	Иван	Иван	PROPN	_	Animacy=Anim|Case=Nom|Gender=Masc|Number=Sing	_	_	_	@kt1997m-words#@kt1997m#24.234#24.614
45	Дорн	Дорн	PROPN	_	Animacy=Anim|Case=Nom|Gender=Masc|Number=Sing	_	_	_	@kt1997m-words#@kt1997m#24.614#24.997
46	да	да	INTJ	_	_	_	_	_	@kt1997m-words#@kt1997m#26.497#26.859
47	вот	вот	INTJ	_	_	_	_	_	@kt1997m-words#@kt1997m#26.859#27.221
48	я	я	PRON	_	Case=Nom|Number=Sing|Person=1	_	_	_	@kt1997m-words#@kt1997m#27.221#27.583
49	у	у	ADP	_	_	_	_	_	@kt1997m-words#@kt1997m#27.583#27.945
50	у	у	ADP	_	_	_	_	_	@kt1997m-words#@kt1997m#27.945#28.307
51	Ивана	Иван	PROPN	_	Animacy=Anim|Case=Gen|Gender=Masc|Number=Sing	_	_	_	@kt1997m-words#@kt1997m#28.307#28.669
52	Дорна	Дорн	PROPN	_	Animacy=Anim|Case=Gen|Gender=Masc|Number=Sing	_	_	_	@kt1997m-words#@kt1997m#28.669#29.031
53	это	это	PRON	_	Animacy=Inan|Case=Acc|Gender=Neut|Number=Sing	_	_	_	@kt1997m-words#@kt1997m#29.031#29.393
54	услышал	услышать	VERB	_	Aspect=Perf|Gender=Masc|Mood=Ind|Number=Sing|Tense=Past|VerbForm=Fin|Voice=Act	_	_	_	@kt1997m-words#@kt1997m#29.393#29.755
55	йогуртный	йогуртный	ADJ	_	Case=Nom|Degree=Pos|Gender=Masc|Number=Sing	_	_	_	@kt1997m-words#@kt1997m#29.755#30.117
56	английский	английский	ADJ	_	Case=Nom|Degree=Pos|Gender=Masc|Number=Sing	_	_	_	@kt1997m-words#@kt1997m#30.117#30.479
57	да	да	PART	_	_	_	_	_	@kt1997m-words#@kt1997m#30.479#30.841
58	я	я	PRON	_	Case=Nom|Number=Sing|Person=1	_	_	_	@kt1997m-words#@kt1997m#30.841#31.203
59	так	так	ADV	_	Degree=Pos	_	_	_	@kt1997m-words#@kt1997m#31.203#31.565
60	всегда	всегда	ADV	_	Degree=Pos	_	_	_	@kt1997m-words#@kt1997m#31.565#31.927
61	делал	делать	VERB	_	Aspect=Imp|Gender=Masc|Mood=Ind|Number=Sing|Tense=Past|VerbForm=Fin|Voice=Act	_	_	_	@kt1997m-words#@kt1997m#31.927#32.289
62	ну	ну	INTJ	_	_	_	_	_	@kt1997m-words#@kt1997m#32.289#32.651
63	типа	типа	INTJ	_		_	_	_	@kt1997m-words#@kt1997m#32.651#33.013
64	понял	понять	VERB	_	Aspect=Perf|Gender=Masc|Mood=Ind|Number=Sing|Tense=Past|VerbForm=Fin|Voice=Act	_	_	_	@kt1997m-words#@kt1997m#33.013#33.375
65	#вздыхает#	#вздыхает#	X	_	_	_	_	_	@kt1997m-words#@kt1997m#33.375#33.737
66	[нрзб]	[нрзб]	X	_	_	_	_	_	@kt1997m-words#@kt1997m#33.737#34.099
67	#поёт#	#поёт#	X	_	__	_	_	@kt1997m-words#@kt1997m#34.099#34.461	
68	понял	понять	VERB	_	Aspect=Perf|Gender=Masc|Mood=Ind|Number=Sing|Tense=Past|VerbForm=Fin|Voice=Act	_	_	_	@kt1997m-words#@kt1997m#34.461#34.834
69	вот	вот	INTJ	_	_	_	_	_	@kt1997m-words#@kt1997m#35.559#35.886
70	и	и	PART	_	_	_	_	_	@kt1997m-words#@kt1997m#35.886#36.213
71	че	что	PRON	_	Case=Nom	_	_	_	@kt1997m-words#@kt1997m#36.213#36.54
72	потом	потом	ADV	_	Degree=Pos	_	_	_	@kt1997m-words#@kt1997m#36.54#36.867
73	под	под	ADP	_	_	_	_	_	@kt1997m-words#@kt1997m#36.867#37.194
74	это	это	PRON	_	Animacy=Inan|Case=Acc|Gender=Neut|Number=Sing	_	_	_	@kt1997m-words#@kt1997m#37.194#37.521
75	все	весь	DET	_	Case=Acc|Gender=Neut|Number=Sing	_	_	_	@kt1997m-words#@kt1997m#37.521#37.848
76	текст	текст	NOUN	_	Animacy=Inan|Case=Nom|Gender=Masc|Number=Sing	_	_	_	@kt1997m-words#@kt1997m#37.848#38.175
77	придумываю	придумывать	VERB	_	Aspect=Imp|Mood=Ind|Number=Sing|Person=1|Tense=Pres|VerbForm=Fin|Voice=Act	_	_	_	@kt1997m-words#@kt1997m#38.175#38.502
78	обычно	обычно	ADV	_	Degree=Pos	_	_	_	@kt1997m-words#@kt1997m#38.502#38.829
79	всё	все	PRON	_	Animacy=Inan|Case=Acc|Gender=Neut|Number=Sing	_	_	_	@kt1997m-words#@kt1997m#38.829#39.156
80	в	в	ADP	_	_	_	_	_	@kt1997m-words#@kt1997m#39.156#39.483
81	гараж-бэнде	гараж-бэнд	NOUN	_	Animacy=Inan|Case=Loc|Gender=Masc|Number=Sing	_	_	_	@kt1997m-words#@kt1997m#39.483#39.81
82	типа	типа	INTJ	_		_	_	_	@kt1997m-words#@kt1997m#39.81#40.137
83	делаю	делать	VERB	_	Aspect=Imp|Mood=Ind|Number=Sing|Person=1|Tense=Pres|VerbForm=Fin|Voice=Act	_	_	_	@kt1997m-words#@kt1997m#40.137#40.464
84	себе	себя	PRON	_	Case=Dat	_	_	_	@kt1997m-words#@kt1997m#40.464#40.791
85	заметки	заметка	NOUN	_	Animacy=Inan|Case=Acc|Gender=Fem|Number=Plur	_	_	_	@kt1997m-words#@kt1997m#40.791#41.118
86	какие-то	какой-то	DET	_	Case=Acc|Number=Plur	_	_	_	@kt1997m-words#@kt1997m#41.118#41.445
87	там	там	ADV	_	Degree=Pos	_	_	_	@kt1997m-words#@kt1997m#41.445#41.772
88	#вздыхает#	#вздыхает#	X	_	_	_	_	_	@kt1997m-words#@kt1997m#41.772#42.099
89	гитарки	гитарка	NOUN	_	Animacy=Inan|Case=Nom|Gender=Fem|Number=Plur	_	_	_	@kt1997m-words#@kt1997m#42.099#42.426
90	там	там	ADV	_	Degree=Pos	_	_	_	@kt1997m-words#@kt1997m#42.426#42.753
91	прописываю	прописывать	VERB	_	Aspect=Imp|Mood=Ind|Number=Sing|Person=1|Tense=Pres|VerbForm=Fin|Voice=Act	_	_	_	@kt1997m-words#@kt1997m#42.753#43.08
92	барабаны	барабан	NOUN	_	Animacy=Inan|Case=Acc|Gender=Masc|Number=Plur	_	_	_	@kt1997m-words#@kt1997m#43.08#43.407
93	а	а	CCONJ	_	_	_	_	_	@kt1997m-words#@kt1997m#43.407#43.734
94	потом	потом	ADV	_	Degree=Pos	_	_	_	@kt1997m-words#@kt1997m#43.734#44.061
95	всё	все	PRON	_	Animacy=Inan|Case=Acc|Gender=Neut|Number=Sing	_	_	_	@kt1997m-words#@kt1997m#44.061#44.388
96	подбираю	подбирать	VERB	_	Aspect=Imp|Mood=Ind|Number=Sing|Person=1|Tense=Pres|VerbForm=Fin|Voice=Act	_	_	_	@kt1997m-words#@kt1997m#44.388#44.715
97	уже	уже	ADV	_	Degree=Pos	_	_	_	@kt1997m-words#@kt1997m#44.715#45.042
98	на	на	ADP	_	_	_	_	_	@kt1997m-words#@kt1997m#45.042#45.369
99	фрути	фрути	X	_	_	_	_	_	@kt1997m-words#@kt1997m#45.369#45.696
100	лупсе	лупс	X	_		_	_	_	@kt1997m-words#@kt1997m#45.696#46.023
101	нормальные	нормальный	ADJ	_	Animacy=Inan|Case=Acc|Degree=Pos|Number=Plur	_	_	_	@kt1997m-words#@kt1997m#46.023#46.35
102	звуки	звук	NOUN	_	Animacy=Inan|Case=Acc|Gender=Masc|Number=Plur	_	_	_	@kt1997m-words#@kt1997m#46.35#46.68
103	да	да	INTJ	_	_	_	_	_	@kt1997m-words#@kt1997m#65.544#65.897
104	они	они	PRON	_	Case=Nom|Number=Plur|Person=3	_	_	_	@kt1997m-words#@kt1997m#65.897#66.25
105	просто	просто	INTJ	_	_	_	_	_	@kt1997m-words#@kt1997m#66.25#66.603
106	долбоёбы	долбоёб	NOUN	_	Animacy=Anim|Case=Nom|Gender=Masc|Number=Plur	_	_	_	@kt1997m-words#@kt1997m#66.603#66.956
107	мм	мм	INTJ	_	_	_	_	_	@kt1997m-words#@kt1997m#66.956#67.309
108	все	весь	DET	_	Case=Acc|Gender=Neut|Number=Plur	_	_	_	@kt1997m-words#@kt1997m#67.309#67.662
109	я	я	PRON	_	Case=Nom|Number=Sing|Person=1	_	_	_	@kt1997m-words#@kt1997m#67.662#68.015
110	даже	даже	PART	_	_	_	_	_	@kt1997m-words#@kt1997m#68.015#68.368
111	не	не	PART	_	_	_	_	_	@kt1997m-words#@kt1997m#68.368#68.721
112	обращаю	обращать	VERB	_	Aspect=Imp|Mood=Ind|Number=Sing|Person=1|Tense=Pres|VerbForm=Fin|Voice=Act	_	_	_	@kt1997m-words#@kt1997m#68.721#69.074
113	особо	особо	ADV	_	Degree=Pos	_	_	_	@kt1997m-words#@kt1997m#69.074#69.427
114	внимания	внимание	NOUN	_	Animacy=Inan|Case=Gen|Gender=Neut|Number=Sing	_	_	_	@kt1997m-words#@kt1997m#69.427#69.78
115	я	я	PRON	_	Case=Nom|Number=Sing|Person=1	_	_	_	@kt1997m-words#@kt1997m#69.78#70.133
116	смотрю	смотреть	VERB	_	Aspect=Imp|Mood=Ind|Number=Sing|Person=1|Tense=Pres|VerbForm=Fin|Voice=Act	_	_	_	@kt1997m-words#@kt1997m#70.133#70.486
117	ну	ну	INTJ	_	_	_	_	_	@kt1997m-words#@kt1997m#70.486#70.839
118	у	у	ADP	_	_	_	_	_	@kt1997m-words#@kt1997m#70.839#71.192
119	меня	я	PRON	_	Case=Gen|Number=Sing|Person=1	_	_	_	@kt1997m-words#@kt1997m#71.192#71.545
120	конечно	конечно	ADV	_		_	_	_	@kt1997m-words#@kt1997m#71.545#71.898
121	иногда	иногда	ADV	_	Degree=Pos	_	_	_	@kt1997m-words#@kt1997m#71.898#72.251
122	бомбит	бомбить	VERB	_	Aspect=Imp|Mood=Ind|Number=Sing|Person=3|Tense=Pres|VerbForm=Fin|Voice=Act	_	_	_	@kt1997m-words#@kt1997m#72.251#72.604
123	#вздыхает#	#вздыхает#	X	_	_	_	_	_	@kt1997m-words#@kt1997m#72.604#72.957
124	не	не	PART	_	_	_	_	_	@kt1997m-words#@kt1997m#72.957#73.31
125	знаю	знать	VERB	_	Aspect=Imp|Mood=Ind|Number=Sing|Person=1|Tense=Pres|VerbForm=Fin|Voice=Act	_	_	_	@kt1997m-words#@kt1997m#73.31#73.682
126	это	это	DET	_	Case=Acc|Gender=Neut|Number=Sing	_	_	_	@kt1997m-words#@kt1997m#74.526#74.914
127	это	это	DET	_	Case=Acc|Gender=Neut|Number=Sing	_	_	_	@kt1997m-words#@kt1997m#74.914#75.302
128	искусство	искусство	NOUN	_	Animacy=Inan|Case=Nom|Gender=Neut|Number=Sing	_	_	_	@kt1997m-words#@kt1997m#75.302#75.691
129	да	да	INTJ	_	_	_	_	_	@kt1997m-words#@kt1997m#79.0#79.366
130	потому	потому	ADV	_	Degree=Pos	_	_	_	@kt1997m-words#@kt1997m#79.366#79.732
131	что	что	SCONJ	_	_	_	_	_	@kt1997m-words#@kt1997m#79.732#80.098
132	я	я	PRON	_	Case=Nom|Number=Sing|Person=1	_	_	_	@kt1997m-words#@kt1997m#80.098#80.464
133	пишу	писать	VERB	_	Aspect=Imp|Mood=Ind|Number=Sing|Person=1|Tense=Pres|VerbForm=Fin|Voice=Act	_	_	_	@kt1997m-words#@kt1997m#80.464#80.83
134	а	а	PART	_	_	_	_	_	@kt1997m-words#@kt1997m#80.83#81.196
135	ммм	мм	INTJ	_	_	_	_	_	@kt1997m-words#@kt1997m#81.196#81.562
136	пишу	писать	VERB	_	Aspect=Imp|Mood=Ind|Number=Sing|Person=1|Tense=Pres|VerbForm=Fin|Voice=Act	_	_	_	@kt1997m-words#@kt1997m#81.562#81.928
137	о	о	ADP	_	_	_	_	_	@kt1997m-words#@kt1997m#81.928#82.294
138	современной	современный	ADJ	_	Case=Loc|Degree=Pos|Gender=Fem|Number=Sing	_	_	_	@kt1997m-words#@kt1997m#82.294#82.66
139	молодёжи	молодёжь	NOUN	_	Animacy=Inan|Case=Loc|Gender=Fem|Number=Sing	_	_	_	@kt1997m-words#@kt1997m#82.66#83.031
140	мм	мм	INTJ	_	_	_	_	_	@kt1997m-words#@kt1997m#83.888#84.214
141	так	так	ADV	_	Degree=Pos	_	_	_	@kt1997m-words#@kt1997m#84.214#84.54
142	так	так	ADV	_	Degree=Pos	_	_	_	@kt1997m-words#@kt1997m#84.54#84.866
143	как	как	SCONJ	_	_	_	_	_	@kt1997m-words#@kt1997m#84.866#85.192
144	оно	он	PRON	_	Case=Nom|Gender=Neut|Number=Sing|Person=3	_	_	_	@kt1997m-words#@kt1997m#85.192#85.518
145	всё	все	PRON	_	Animacy=Inan|Case=Acc|Gender=Neut|Number=Sing	_	_	_	@kt1997m-words#@kt1997m#85.518#85.844
146	на	на	ADP	_	_	_	_	_	@kt1997m-words#@kt1997m#85.844#86.17
147	самом	самый	ADJ	_	Case=Loc|Degree=Pos|Gender=Neut|Number=Sing	_	_	_	@kt1997m-words#@kt1997m#86.17#86.496
148	деле	дело	NOUN	_	Animacy=Inan|Case=Loc|Gender=Neut|Number=Sing	_	_	_	@kt1997m-words#@kt1997m#86.496#86.822
149	есть	быть	AUX	_	Aspect=Imp|Mood=Ind|Number=Sing|Person=3|Tense=Pres|VerbForm=Fin|Voice=Act	_	_	_	@kt1997m-words#@kt1997m#86.822#87.148
150	#вздыхает#	#вздыхает#	X	_	_	_	_	_	@kt1997m-words#@kt1997m#87.148#87.474
151	вот	вот	PART	_	_	_	_	_	@kt1997m-words#@kt1997m#87.474#87.8
152	и	и	PART	_	_	_	_	_	@kt1997m-words#@kt1997m#87.8#88.126
153	и	и	PART	_	_	_	_	_	@kt1997m-words#@kt1997m#88.126#88.452
154	когда	когда	SCONJ	_	_	_	_	_	@kt1997m-words#@kt1997m#88.452#88.778
155	я	я	PRON	_	Case=Nom|Number=Sing|Person=1	_	_	_	@kt1997m-words#@kt1997m#88.778#89.104
156	пишу	писать	VERB	_	Aspect=Imp|Mood=Ind|Number=Sing|Person=1|Tense=Pres|VerbForm=Fin|Voice=Act	_	_	_	@kt1997m-words#@kt1997m#89.104#89.43
157	песню	песня	NOUN	_	Animacy=Inan|Case=Acc|Gender=Fem|Number=Sing	_	_	_	@kt1997m-words#@kt1997m#89.43#89.756
158	у	у	ADP	_	_	_	_	_	@kt1997m-words#@kt1997m#89.756#90.082
159	меня	я	PRON	_	Case=Gen|Number=Sing|Person=1	_	_	_	@kt1997m-words#@kt1997m#90.082#90.408
160	в	в	ADP	_	_	_	_	_	@kt1997m-words#@kt1997m#90.408#90.734
161	голове	голова	NOUN	_	Animacy=Inan|Case=Loc|Gender=Fem|Number=Sing	_	_	_	@kt1997m-words#@kt1997m#90.734#91.06
162	#вздыхает#	#вздыхает#	X	_	_	_	_	_	@kt1997m-words#@kt1997m#91.06#91.386
163	а	а	CCONJ	_	_	_	_	_	@kt1997m-words#@kt1997m#91.386#91.712
164	#вздыхает#	#вздыхает#	X	_	_	_	_	_	@kt1997m-words#@kt1997m#91.712#92.038
165	я	я	PRON	_	Case=Nom|Number=Sing|Person=1	_	_	_	@kt1997m-words#@kt1997m#92.038#92.364
166	не	не	PART	_	_	_	_	_	@kt1997m-words#@kt1997m#92.364#92.69
167	знаю	знать	VERB	_	Aspect=Imp|Mood=Ind|Number=Sing|Person=1|Tense=Pres|VerbForm=Fin|Voice=Act	_	_	_	@kt1997m-words#@kt1997m#92.69#93.016
168	че	что	PRON	_		_	_	_	@kt1997m-words#@kt1997m#93.016#93.342
169	в	в	ADP	_	_	_	_	_	@kt1997m-words#@kt1997m#93.342#93.668
170	голове	голова	NOUN	_	Animacy=Inan|Case=Loc|Gender=Fem|Number=Sing	_	_	_	@kt1997m-words#@kt1997m#93.668#93.994
171	у	у	ADP	_	_	_	_	_	@kt1997m-words#@kt1997m#93.994#94.32
172	людей	человек	NOUN	_	Animacy=Anim|Case=Gen|Gender=Masc|Number=Plur	_	_	_	@kt1997m-words#@kt1997m#94.32#94.646
173	которые	который	DET	_	Case=Nom	_	_	_	@kt1997m-words#@kt1997m#94.646#94.972
174	слушают	слушать	VERB	_	Aspect=Imp|Mood=Ind|Number=Plur|Person=3|Tense=Pres|VerbForm=Fin|Voice=Act	_	_	_	@kt1997m-words#@kt1997m#94.972#95.298
175	ме…	X	INTJ	_	_	_	_	_	@kt1997m-words#@kt1997m#95.298#95.624
176	музыку	музыка	NOUN	_	Animacy=Inan|Case=Acc|Gender=Fem|Number=Sing	_	_	_	@kt1997m-words#@kt1997m#95.624#95.95
177	мою	мой	DET	_	Case=Acc|Gender=Fem|Number=Sing	_	_	_	@kt1997m-words#@kt1997m#95.95#96.276
178	ну	ну	INTJ	_	_	_	_	_	@kt1997m-words#@kt1997m#96.276#96.602
179	у	у	ADP	_	_	_	_	_	@kt1997m-words#@kt1997m#96.602#96.928
180	меня	я	PRON	_	Case=Gen|Number=Sing|Person=1	_	_	_	@kt1997m-words#@kt1997m#96.928#97.254
181	в	в	ADP	_	_	_	_	_	@kt1997m-words#@kt1997m#97.254#97.58
182	голове	голова	NOUN	_	Animacy=Inan|Case=Loc|Gender=Fem|Number=Sing	_	_	_	@kt1997m-words#@kt1997m#97.58#97.906
183	объемная	объемный	ADJ	_	Case=Nom|Degree=Pos|Gender=Fem|Number=Sing	_	_	_	@kt1997m-words#@kt1997m#97.906#98.232
184	красивая	красивый	ADJ	_	Case=Nom|Degree=Pos|Gender=Fem|Number=Sing	_	_	_	@kt1997m-words#@kt1997m#98.232#98.558
185	разноцветная	разноцветный	ADJ	_	Case=Nom|Degree=Pos|Gender=Fem|Number=Sing	_	_	_	@kt1997m-words#@kt1997m#98.558#98.884
186	картинка	картинка	NOUN	_	Animacy=Inan|Case=Nom|Gender=Fem|Number=Sing	_	_	_	@kt1997m-words#@kt1997m#98.884#99.21
187	я	я	PRON	_	Case=Nom|Number=Sing|Person=1	_	_	_	@kt1997m-words#@kt1997m#99.21#99.536
188	как	как	ADV	_	Degree=Pos	_	_	_	@kt1997m-words#@kt1997m#99.536#99.862
189	будто	будто	ADV	_	Degree=Pos	_	_	_	@kt1997m-words#@kt1997m#99.862#100.188
190	бы	бы	PART	_	_	_	_	_	@kt1997m-words#@kt1997m#100.188#100.514
191	рисую	рисовать	VERB	_	Aspect=Imp|Mood=Ind|Number=Sing|Person=1|Tense=Pres|VerbForm=Fin|Voice=Act	_	_	_	@kt1997m-words#@kt1997m#100.514#100.84
192	понял	понять	VERB	_	Aspect=Perf|Gender=Masc|Mood=Ind|Number=Sing|Tense=Past|VerbForm=Fin|Voice=Act	_	_	_	@kt1997m-words#@kt1997m#100.84#101.166
193	к…	к…	X	_	_	_	_	_	@kt1997m-words#@kt1997m#101.166#101.492
194	я	я	PRON	_	Case=Nom|Number=Sing|Person=1	_	_	_	@kt1997m-words#@kt1997m#101.492#101.818
195	как	как	ADV	_	Degree=Pos	_	_	_	@kt1997m-words#@kt1997m#101.818#102.144
196	будто	будто	ADV	_	Degree=Pos	_	_	_	@kt1997m-words#@kt1997m#102.144#102.47
197	бы	бы	PART	_	_	_	_	_	@kt1997m-words#@kt1997m#102.47#102.796
198	пишу	писать	VERB	_	Aspect=Imp|Mood=Ind|Number=Sing|Person=1|Tense=Pres|VerbForm=Fin|Voice=Act	_	_	_	@kt1997m-words#@kt1997m#102.796#103.122
199	сказку	сказка	NOUN	_	Animacy=Inan|Case=Acc|Gender=Fem|Number=Sing	_	_	_	@kt1997m-words#@kt1997m#103.122#103.448
200	и	и	CCONJ	_	_	_	_	_	@kt1997m-words#@kt1997m#103.448#103.774
201	у	у	ADP	_	_	_	_	_	@kt1997m-words#@kt1997m#103.774#104.1
202	меня	я	PRON	_	Case=Gen|Number=Sing|Person=1	_	_	_	@kt1997m-words#@kt1997m#104.1#104.426
203	всё	все	PRON	_	Animacy=Inan|Case=Nom|Gender=Neut|Number=Sing	_	_	_	@kt1997m-words#@kt1997m#104.426#104.752
204	в	в	ADP	_	_	_	_	_	@kt1997m-words#@kt1997m#104.752#105.078
205	цветах	цвет	NOUN	_	Animacy=Inan|Case=Loc|Gender=Masc|Number=Plur	_	_	_	@kt1997m-words#@kt1997m#105.078#105.404
206	понял	понять	VERB	_	Aspect=Perf|Gender=Masc|Mood=Ind|Number=Sing|Tense=Past|VerbForm=Fin|Voice=Act	_	_	_	@kt1997m-words#@kt1997m#105.404#105.73
207	я	я	PRON	_	Case=Nom|Number=Sing|Person=1	_	_	_	@kt1997m-words#@kt1997m#105.73#106.056
208	добавляю	добавлять	VERB	_	Aspect=Imp|Mood=Ind|Number=Sing|Person=1|Tense=Pres|VerbForm=Fin|Voice=Act	_	_	_	@kt1997m-words#@kt1997m#106.056#106.382
209	туда	туда	ADV	_	Degree=Pos	_	_	_	@kt1997m-words#@kt1997m#106.382#106.708
210	немного	немного	ADV	_	Degree=Pos	_	_	_	@kt1997m-words#@kt1997m#106.708#107.034
211	красного	красный	ADJ	_	Case=Gen|Degree=Pos|Gender=Masc|Number=Sing	_	_	_	@kt1997m-words#@kt1997m#107.034#107.36
212	туда	туда	ADV	_	Degree=Pos	_	_	_	@kt1997m-words#@kt1997m#107.36#107.686
213	зелёного	зелёный	ADJ	_	Case=Gen|Degree=Pos|Gender=Masc|Number=Sing	_	_	_	@kt1997m-words#@kt1997m#107.686#108.012
214	понял	понять	VERB	_	Aspect=Perf|Gender=Masc|Mood=Ind|Number=Sing|Tense=Past|VerbForm=Fin|Voice=Act	_	_	_	@kt1997m-words#@kt1997m#108.012#108.338
215	туда	туда	ADV	_	Degree=Pos	_	_	_	@kt1997m-words#@kt1997m#108.338#108.664
216	сиреневого	сиреневый	ADJ	_	Case=Gen|Degree=Pos|Gender=Masc|Number=Sing	_	_	_	@kt1997m-words#@kt1997m#108.664#108.99
217	#вздыхает#	#вздыхает#	X	_	_	_	_	_	@kt1997m-words#@kt1997m#108.99#109.316
218	и	и	CCONJ	_	_	_	_	_	@kt1997m-words#@kt1997m#109.316#109.642
219	поэтому	поэтому	ADV	_	Degree=Pos	_	_	_	@kt1997m-words#@kt1997m#109.642#109.968
220	это	это	PRON	_	Case=Nom|Gender=Neut|Number=Sing	_	_	_	@kt1997m-words#@kt1997m#109.968#110.294
221	не	не	PART	_	_	_	_	_	@kt1997m-words#@kt1997m#110.294#110.62
222	ну	ну	PART	_	_	_	_	_	@kt1997m-words#@kt1997m#110.62#110.946
223	это	это	PRON	_	Case=Nom|Gender=Neut|Number=Sing	_	_	_	@kt1997m-words#@kt1997m#110.946#111.272
224	просто	просто	PART	_	_	_	_	_	@kt1997m-words#@kt1997m#111.272#111.598
225	творчество	творчество	NOUN	_	Animacy=Inan|Case=Nom|Gender=Neut|Number=Sing	_	_	_	@kt1997m-words#@kt1997m#111.598#111.978
226	это…	это	INTJ	_	_	_	_	_	@kt1997m-words#@kt1997m#113.016#113.444
227	это…это…это	это	PRON	_	Case=Nom|Gender=Neut|Number=Sing	_	_	_	@kt1997m-words#@kt1997m#113.444#113.872
228	искусство	искусство	NOUN	_	Animacy=Inan|Case=Nom|Gender=Neut|Number=Sing	_	_	_	@kt1997m-words#@kt1997m#113.872#114.3
229	да	да	INTJ	_	_	_	_	_	@kt1997m-words#@kt1997m#114.3#114.728
230	возможно	возможно	ADV	_		_	_	_	@kt1997m-words#@kt1997m#114.728#115.156
231	это	это	PRON	_	Animacy=Inan|Case=Nom|Gender=Neut|Number=Sing	_	_	_	@kt1997m-words#@kt1997m#115.156#115.584
232	не	не	PART	_	_	_	_	_	@kt1997m-words#@kt1997m#115.584#116.012
233	такое	такой	DET	_	Case=Nom|Gender=Neut|Number=Sing	_	_	_	@kt1997m-words#@kt1997m#116.012#116.44
234	высокое	высокий	ADJ	_	Case=Nom|Degree=Pos|Gender=Neut|Number=Sing	_	_	_	@kt1997m-words#@kt1997m#116.44#116.868
235	искусство	искусство	NOUN	_	Animacy=Inan|Case=Nom|Gender=Neut|Number=Sing	_	_	_	@kt1997m-words#@kt1997m#116.868#117.296
236	как	как	SCONJ	_	_	_	_	_	@kt1997m-words#@kt1997m#117.296#117.724
237	Буерак	Буерак	PROPN	_	Animacy=Inan|Case=Nom|Gender=Masc|Number=Sing	_	_	_	@kt1997m-words#@kt1997m#117.724#118.152
238	#вздыхает#	#вздыхает#	X	_	_	_	_	_	@kt1997m-words#@kt1997m#118.152#118.58
239	но	но	CCONJ	_	_	_	_	_	@kt1997m-words#@kt1997m#118.58#119.008
240	это	это	PRON	_	Animacy=Inan|Case=Nom|Gender=Neut|Number=Sing	_	_	_	@kt1997m-words#@kt1997m#119.008#119.436
241	шутка	шутка	NOUN	_	Animacy=Inan|Case=Nom|Gender=Fem|Number=Sing	_	_	_	@kt1997m-words#@kt1997m#119.436#119.864
242	была	быть	AUX	_	Aspect=Imp|Gender=Fem|Mood=Ind|Number=Sing|Tense=Past|VerbForm=Fin|Voice=Act	_	_	_	@kt1997m-words#@kt1997m#119.864#120.294
243	щас	сейчас	ADV	_	Degree=Pos	_	_	_	@kt1997m-words#@kt1997m#121.418#121.69
244	я	я	PRON	_	Case=Nom|Number=Sing|Person=1	_	_	_	@kt1997m-words#@kt1997m#121.69#121.962
245	расскажу	рассказать	VERB	_	Aspect=Perf|Mood=Ind|Number=Sing|Person=1|Tense=Fut|VerbForm=Fin|Voice=Act	_	_	_	@kt1997m-words#@kt1997m#121.962#122.234
246	почему	почему	ADV	_	Degree=Pos	_	_	_	@kt1997m-words#@kt1997m#122.234#122.508
247	да	да	INTJ	_	_	_	_	_	@kt1997m-words#@kt1997m#123.083#123.343
248	ну	ну	INTJ	_	_	_	_	_	@kt1997m-words#@kt1997m#124.487#124.794
249	всё	все	PRON	_	Animacy=Inan|Case=Nom|Gender=Neut|Number=Sing	_	_	_	@kt1997m-words#@kt1997m#124.794#125.101
250	равно	равный	ADJ	_	Degree=Pos|Gender=Neut|Number=Sing|Variant=Short	_	_	_	@kt1997m-words#@kt1997m#125.101#125.408
251	это	это	PRON	_	Animacy=Inan|Case=Nom|Gender=Neut|Number=Sing	_	_	_	@kt1997m-words#@kt1997m#125.408#125.715
252	типа	тип	PART	_		_	_	_	@kt1997m-words#@kt1997m#125.715#126.022
253	искусство	искусство	NOUN	_	Animacy=Inan|Case=Nom|Gender=Neut|Number=Sing	_	_	_	@kt1997m-words#@kt1997m#126.022#126.329
254	для	для	ADP	_	_	_	_	_	@kt1997m-words#@kt1997m#126.329#126.636
255	меня	я	PRON	_	Case=Gen|Number=Sing|Person=1	_	_	_	@kt1997m-words#@kt1997m#126.636#126.943
256	потому	потому	SCONJ	_		_	_	_	@kt1997m-words#@kt1997m#126.943#127.25
257	что	что	SCONJ	_	_	_	_	_	@kt1997m-words#@kt1997m#127.25#127.557
258	я	я	PRON	_	Case=Nom|Number=Sing|Person=1	_	_	_	@kt1997m-words#@kt1997m#127.557#127.864
259	не	не	PART	_	_	_	_	_	@kt1997m-words#@kt1997m#127.864#128.171
260	преследоваю	преследовать	VERB	_	Aspect=Imp|Mood=Ind|Number=Sing|Person=1|Tense=Pres|VerbForm=Fin|Voice=Act	_	_	_	@kt1997m-words#@kt1997m#128.171#128.478
261	цели	цель	NOUN	_	Animacy=Inan|Case=Gen|Gender=Fem|Number=Sing	_	_	_	@kt1997m-words#@kt1997m#128.478#128.785
262	там	там	PART	_		_	_	_	@kt1997m-words#@kt1997m#128.785#129.092
263	куда-то	куда-то	ADV	_	Degree=Pos	_	_	_	@kt1997m-words#@kt1997m#129.092#129.399
264	в	в	ADP	_	_	_	_	_	@kt1997m-words#@kt1997m#129.399#129.706
265	какую-то	какой-то	DET	_	Case=Acc|Gender=Fem|Number=Sing	_	_	_	@kt1997m-words#@kt1997m#129.706#130.013
266	блять	блять	INTJ	_	_	_	_	_	@kt1997m-words#@kt1997m#130.013#130.32
267	аудиторию	аудитория	NOUN	_	Animacy=Inan|Case=Acc|Gender=Fem|Number=Sing	_	_	_	@kt1997m-words#@kt1997m#130.32#130.627
268	ударить	ударить	VERB	_	Aspect=Perf|VerbForm=Inf|Voice=Act	_	_	_	@kt1997m-words#@kt1997m#130.627#130.934
269	как	как	ADV	_	Degree=Pos	_	_	_	@kt1997m-words#@kt1997m#130.934#131.241
270	это	это	PRON	_	Animacy=Inan|Case=Acc|Gender=Neut|Number=Sing	_	_	_	@kt1997m-words#@kt1997m#131.241#131.548
271	блять	блять	INTJ	_	__	_	_	_	@kt1997m-words#@kt1997m#131.548#131.855
272	всем	все	PRON	_	Case=Dat|Number=Plur	_	_	_	@kt1997m-words#@kt1997m#131.855#132.162
273	кажется	казаться	VERB	_	Aspect=Imp|Mood=Ind|Number=Sing|Person=3|Tense=Pres|VerbForm=Fin|Voice=Mid	_	_	_	@kt1997m-words#@kt1997m#132.162#132.469
274	заебали	заебать	VERB	_	Aspect=Perf|Moos=Ind|Number=Plur|Tense=Past|VerbForm=Fin|Voice=Act	_	_	_	@kt1997m-words#@kt1997m#132.469#132.776
275	#вздыхает#	#вздыхает#	X	_		_	_	_	@kt1997m-words#@kt1997m#132.776#133.083
276	ну	ну	PART	_	_	_	_	_	@kt1997m-words#@kt1997m#133.083#133.39
277	я	я	PRON	_	Case=Nom|Number=Sing|Person=1	_	_	_	@kt1997m-words#@kt1997m#133.39#133.697
278	просто	просто	PART	_	_	_	_	_	@kt1997m-words#@kt1997m#133.697#134.004
279	типа	тип	PART	_		_	_	_	@kt1997m-words#@kt1997m#134.004#134.311
280	делаю	делать	VERB	_	Aspect=Imp|Mood=Ind|Number=Sing|Person=1|Tense=Pres|VerbForm=Fin|Voice=Act	_	_	_	@kt1997m-words#@kt1997m#134.311#134.618
281	то	то	SCONJ	_	_	_	_	_	@kt1997m-words#@kt1997m#134.618#134.925
282	шо	что	SCONJ	_	_	_	_	_	@kt1997m-words#@kt1997m#134.925#135.232
283	мне	я	PRON	_	Case=Dat|Number=Sing|Person=1	_	_	_	@kt1997m-words#@kt1997m#135.232#135.539
284	нравится	нравиться	VERB	_	Aspect=Imp|Mood=Ind|Number=Sing|Person=3|Tense=Pres|VerbForm=Fin|Voice=Mid	_	_	_	@kt1997m-words#@kt1997m#135.539#135.873
285	да	да	PART	_	_	_	_	_	@kt1997m-words#@kt1997m#139.752#140.063
286	я	я	PRON	_	Case=Nom|Number=Sing|Person=1	_	_	_	@kt1997m-words#@kt1997m#140.063#140.374
287	фанат	фанат	NOUN	_	Animacy=Anim|Case=Nom|Gender=Masc|Number=Sing	_	_	_	@kt1997m-words#@kt1997m#140.374#140.685
288	Элджея	Элджей	PROPN	_	Animacy=Anim|Case=Gen|Gender=Masc|Number=Sing	_	_	_	@kt1997m-words#@kt1997m#140.685#140.996
289	большой	большой	ADJ	_	Case=Nom|Degree=Pos|Gender=Masc|Number=Sing	_	_	_	@kt1997m-words#@kt1997m#140.996#141.307
290	фанат	фанат	NOUN	_	Animacy=Inan|Case=Nom|Gender=Masc|Number=Sing	_	_	_	@kt1997m-words#@kt1997m#141.307#141.618
291	Элджея	Элджей	PROPN	_	Animacy=Anim|Case=Gen|Gender=Masc|Number=Sing	_	_	_	@kt1997m-words#@kt1997m#141.618#141.934
292	нет	нет	PART	_		_	_	_	@kt1997m-words#@kt1997m#143.26#143.46
293	#вздыхает#	#вздыхает#	X	_	_	_	_	_	@kt1997m-words#@kt1997m#145.739#146.202
294	мне	я	PRON	_	Case=Dat|Number=Sing|Person=1	_	_	_	@kt1997m-words#@kt1997m#146.202#146.665
295	не	не	PART	_	_	_	_	_	@kt1997m-words#@kt1997m#146.665#147.128
296	нравится	нравиться	VERB	_	Aspect=Imp|Mood=Ind|Number=Sing|Person=3|Tense=Pres|VerbForm=Fin|Voice=Mid	_	_	_	@kt1997m-words#@kt1997m#147.128#147.591
297	это	это	PRON	_	Animacy=Inan|Case=Nom|Gender=Neut|Number=Sing	_	_	_	@kt1997m-words#@kt1997m#147.591#148.054
298	как	как	ADV	_	Degree=Pos	_	_	_	@kt1997m-words#@kt1997m#148.054#148.517
299	будто	будто	ADV	_	Degree=Pos	_	_	_	@kt1997m-words#@kt1997m#148.517#148.98
300	бы	бы	PART	_		_	_	_	@kt1997m-words#@kt1997m#148.98#149.443
301	специально	специально	ADV	_	Degree=Pos	_	_	_	@kt1997m-words#@kt1997m#149.443#149.906
302	целенаправленно	целенаправленно	ADV	_	Degree=Pos	_	_	_	@kt1997m-words#@kt1997m#149.906#150.369
303	взяли	брать	VERB	_	Aspect=Perf|Mood=Ind|Number=Plur|Tense=Past|VerbForm=Fin|Voice=Act	_	_	_	@kt1997m-words#@kt1997m#150.369#150.832
304	#вздыхает#	#вздыхает#	X	_	_	_	_	_	@kt1997m-words#@kt1997m#150.832#151.295
305	все	весь	PRON	_	Case=Acc|Gender=Neut|Number=Sing	_	_	_	@kt1997m-words#@kt1997m#151.295#151.758
306	самое	самый	ADJ	_	Case=Acc|Degree=Pos|Gender=Neut|Number=Sing	_	_	_	@kt1997m-words#@kt1997m#151.758#152.221
307	х…	хаваемый	INTJ	_	_	_	_	_	@kt1997m-words#@kt1997m#152.221#152.684
308	хаваемое	хаваемый	ADJ	_	Case=Acc|Degree=Pos|Gender=Neut|Number=Sing	_	_	_	@kt1997m-words#@kt1997m#152.684#153.147
309	и	и	CCONJ	_	_	_	_	_	@kt1997m-words#@kt1997m#153.147#153.61
310	вставили	вставить	VERB	_	Aspect=Perf|Mood=Ind|Number=Plur|Tense=Past|VerbForm=Fin|Voice=Act	_	_	_	@kt1997m-words#@kt1997m#153.61#154.073
311	туда	туда	ADV	_	Degree=Pos	_	_	_	@kt1997m-words#@kt1997m#154.073#154.536
312	ну	ну	PART	_	_	_	_	_	@kt1997m-words#@kt1997m#154.536#154.999
313	у	у	ADP	_	_	_	_	_	@kt1997m-words#@kt1997m#154.999#155.462
314	меня	я	PRON	_	Case=Gen|Number=Sing|Person=1	_	_	_	@kt1997m-words#@kt1997m#155.462#155.925
315	такое	такой	DET	_	Case=Nom|Gender=Neut|Number=Sing	_	_	_	@kt1997m-words#@kt1997m#155.925#156.388
316	ощущение	ощущение	NOUN	_	Animacy=Inan|Case=Nom|Gender=Neut|Number=Sing	_	_	_	@kt1997m-words#@kt1997m#156.388#156.851
317	может	мочь	ADV	_		_	_	_	@kt1997m-words#@kt1997m#156.851#157.314
318	быть	быть	ADV	_		_	_	_	@kt1997m-words#@kt1997m#157.314#157.777
319	это	это	PRON	_	Animacy=Inan|Case=Nom|Gender=Neut|Number=Sing	_	_	_	@kt1997m-words#@kt1997m#157.777#158.24
320	неправда	неправда	NOUN	_	Animacy=Inan|Case=Nom|Gender=Fem|Number=Sing	_	_	_	@kt1997m-words#@kt1997m#158.24#158.703
321	но	но	CCONJ	_	_	_	_	_	@kt1997m-words#@kt1997m#158.703#159.166
322	есть	быть	AUX	_	Aspect=Imp|Mood=Ind|Number=Sing|Person=3|Tense=Pres|VerbForm=Fin|Voice=Act	_	_	_	@kt1997m-words#@kt1997m#159.166#159.629
323	такое	такой	DET	_	Case=Nom|Gender=Neut|Number=Sing	_	_	_	@kt1997m-words#@kt1997m#159.629#160.092
324	в…	в…	X	_	_	_	_	_	@kt1997m-words#@kt1997m#160.092#160.555
325	впечатление	впечатление	NOUN	_	Animacy=Inan|Case=Nom|Gender=Neut|Number=Sing	_	_	_	@kt1997m-words#@kt1997m#160.555#161.021
326	нет	нет	PART	_	_	_	_	_	@kt1997m-words#@kt1997m#164.31#164.698
327	ну	ну	PART	_	_	_	_	_	@kt1997m-words#@kt1997m#165.313#165.623
328	многие	много	NUM	_	_	_	_	_	@kt1997m-words#@kt1997m#165.623#165.933
329	думают	думать	VERB	_	Aspect=Imp|Mood=Ind|Number=Plur|Person=3|Tense=Pres|VerbForm=Fin|Voice=Act	_	_	_	@kt1997m-words#@kt1997m#165.933#166.243
330	конечно	конечно	ADV	_		_	_	_	@kt1997m-words#@kt1997m#166.243#166.553
331	что	что	SCONJ	_	_	_	_	_	@kt1997m-words#@kt1997m#166.553#166.863
332	да	да	PRED	_	_	_	_	_	@kt1997m-words#@kt1997m#166.863#167.173
333	но	но	CCONJ	_	_	_	_	_	@kt1997m-words#@kt1997m#167.173#167.483
334	нет	нет	PRED	_	_	_	_	_	@kt1997m-words#@kt1997m#167.483#167.8
335	я…я	я	PRON	_	Case=Nom|Number=Sing|Person=1	_	_	_	@kt1997m-words#@kt1997m#169.43#169.78
336	считаю	считать	VERB	_	Aspect=Imp|Mood=Ind|Number=Sing|Person=1|Tense=Pres|VerbForm=Fin|Voice=Act	_	_	_	@kt1997m-words#@kt1997m#169.78#170.13
337	я	я	PRON	_	Case=Nom|Number=Sing|Person=1	_	_	_	@kt1997m-words#@kt1997m#170.13#170.48
338	считаю	считать	VERB	_	Aspect=Imp|Mood=Ind|Number=Sing|Person=1|Tense=Pres|VerbForm=Fin|Voice=Act	_	_	_	@kt1997m-words#@kt1997m#170.48#170.83
339	что	что	SCONJ	_	_	_	_	_	@kt1997m-words#@kt1997m#170.83#171.18
340	люди	человек	NOUN	_	Animacy=Anim|Case=Nom|Gender=Masc|Number=Plur	_	_	_	@kt1997m-words#@kt1997m#171.18#171.53
341	которые	который	DET	_	Case=Acc	_	_	_	@kt1997m-words#@kt1997m#171.53#171.88
342	так	так	ADV	_	Degree=Pos	_	_	_	@kt1997m-words#@kt1997m#171.88#172.23
343	думают	думать	VERB	_	Aspect=Imp|Mood=Ind|Number=Plur|Person=3|Tense=Pres|VerbForm=Fin|Voice=Act	_	_	_	@kt1997m-words#@kt1997m#172.23#172.58
344	долбоёбы	долбоёб	NOUN	_	Animacy=Anim|Case=Nom|Gender=Masc|Number=Plur	_	_	_	@kt1997m-words#@kt1997m#172.58#172.93
345	серьёзно	серьёзно	ADV	_	Degree=Pos	_	_	_	@kt1997m-words#@kt1997m#172.93#173.28
346	я	я	PRON	_	Case=Nom|Number=Sing|Person=1	_	_	_	@kt1997m-words#@kt1997m#173.28#173.63
347	их	они	PRON	_	Case=Acc|Number=Plur|Person=3	_	_	_	@kt1997m-words#@kt1997m#173.63#173.98
348	ненавижу	ненавидеть	VERB	_	Aspect=Imp|Mood=Ind|Number=Sing|Person=1|Tense=Pres|VerbForm=Fin|Voice=Act	_	_	_	@kt1997m-words#@kt1997m#173.98#174.33
349	всем…	всем	DET	_	Case=Ins|Gender=Neut|Number=Sing	_	_	_	@kt1997m-words#@kt1997m#174.33#174.68
350	всей	весь	DET	_	Case=Ins|Gender=Fem|Number=Sing	_	_	_	@kt1997m-words#@kt1997m#174.68#175.03
351	душой	душа	NOUN	_	Animacy=Inan|Case=Ins|Gender=Fem|Number=Sing	_	_	_	@kt1997m-words#@kt1997m#175.03#175.38
352	и	и	CCONJ	_	_	_	_	_	@kt1997m-words#@kt1997m#175.38#175.73
353	сердцем	сердце	NOUN	_	Animacy=Inan|Case=Ins|Gender=Masc|Number=Sing	_	_	_	@kt1997m-words#@kt1997m#175.73#176.08
354	они	они	PRON	_	Case=Nom|Number=Plur|Person=3	_	_	_	@kt1997m-words#@kt1997m#176.08#176.43
355	тупые	тупой	ADJ	_	Case=Nom|Degree=Pos|Number=Plur	_	_	_	@kt1997m-words#@kt1997m#176.43#176.78
356	они	они	PRON	_	Case=Nom|Number=Plur|Person=3	_	_	_	@kt1997m-words#@kt1997m#176.78#177.13
357	даже	даже	PART	_	_	_	_	_	@kt1997m-words#@kt1997m#177.13#177.48
358	не	не	PART	_	_	_	_	_	@kt1997m-words#@kt1997m#177.48#177.83
359	вникали	вникать	VERB	_	Aspect=Imp|Mood=Ind|Number=Plur|Tense=Past|VerbForm=Fin|Voice=Act	_	_	_	@kt1997m-words#@kt1997m#177.83#178.18
360	а	а	CCONJ	_	_	_	_	_	@kt1997m-words#@kt1997m#178.18#178.53
361	толком	толком	ADV	_	Degree=Pos	_	_	_	@kt1997m-words#@kt1997m#178.53#178.88
362	в	в	ADP	_	_	_	_	_	@kt1997m-words#@kt1997m#178.88#179.23
363	мою	мой	DET	_	Case=Acc|Gender=Fem|Number=Sing	_	_	_	@kt1997m-words#@kt1997m#179.23#179.58
364	музыку	музыка	NOUN	_	Animacy=Inan|Case=Acc|Gender=Fem|Number=Sing	_	_	_	@kt1997m-words#@kt1997m#179.58#179.93
365	и	и	CCONJ	_	_	_	_	_	@kt1997m-words#@kt1997m#179.93#180.28
366	что-то	что-то	PRON	_	Case=Acc	_	_	_	@kt1997m-words#@kt1997m#180.28#180.63
367	типа	тип	PART	_		_	_	_	@kt1997m-words#@kt1997m#180.63#180.98
368	судят	судить	VERB	_	Aspect=Imp|Mood=Ind|Number=Plur|Person=3|Tense=Pres|VerbForm=Fin|Voice=Act	_	_	_	@kt1997m-words#@kt1997m#180.98#181.33
369	#вздыхает#	#вздыхает#	NOUN	_	Animacy=Inan|Case=Gen|Gender=Fem|Number=Sing	_	_	_	@kt1997m-words#@kt1997m#181.33#181.682
370	проще	просто	ADV	_	Degree=Cmp	_	_	_	@kt1997m-words#@kt1997m#181.76#182.16
371	всего	все	PRON	_	Animacy=Inan|Case=Gen|Gender=Neut|Number=Sing	_	_	_	@kt1997m-words#@kt1997m#182.16#182.56
372	сказать	сказать	VERB	_	Aspect=Perf|VerbForm=Inf|Voice=Act	_	_	_	@kt1997m-words#@kt1997m#182.56#182.96
373	после	после	ADP	_	_	_	_	_	@kt1997m-words#@kt1997m#182.96#183.36
374	успеха	успех	NOUN	_	Animacy=Inan|Case=Gen|Gender=Masc|Number=Sing	_	_	_	@kt1997m-words#@kt1997m#183.36#183.76
375	какого-то	какой-то	DET	_	Case=Gen|Gender=Masc|Number=Sing	_	_	_	@kt1997m-words#@kt1997m#183.76#184.16
376	артиста	артист	NOUN	_	Animacy=Anim|Case=Gen|Gender=Masc|Number=Sing	_	_	_	@kt1997m-words#@kt1997m#184.16#184.56
377	что	что	CCONJ	_	Case=Acc	_	_	_	@kt1997m-words#@kt1997m#184.56#184.96
378	это	это	PRON	_	Animacy=Inan|Case=Acc|Gender=Neut|Number=Sing	_	_	_	@kt1997m-words#@kt1997m#184.96#185.36
379	блять	блять	INTJ	_	_	_	_	_	@kt1997m-words#@kt1997m#185.36#185.76
380	просто	просто	PART	_	_	_	_	_	@kt1997m-words#@kt1997m#185.76#186.16
381	всё	все	PRON	_	Animacy=Inan|Case=Acc|Gender=Neut|Number=Sing	_	_	_	@kt1997m-words#@kt1997m#186.16#186.56
382	продуманная	продумать	ADJ	_	Case=Nom|Degree=Pos|Gender=Fem|Number=Sing	_	_	_	@kt1997m-words#@kt1997m#186.56#186.96
383	какая-то	какой-то	DET	_	Case=Nom|Gender=Fem|Number=Sing	_	_	_	@kt1997m-words#@kt1997m#186.96#187.36
384	хуйня	хуйня	NOUN	_	Animacy=Inan|Case=Nom|Gender=Fem|Number=Sing	_	_	_	@kt1997m-words#@kt1997m#187.36#187.76
385	а	а	INTJ	_	_	_	_	_	@kt1997m-words#@kt1997m#187.76#188.16
386	спланированная	планировать	VERB	_	Aspect=Perf|Case=Nom|Gender=Fem|Number=Sing|Tense=Past|VerbForm=Part|Voice=Pass	_	_	_	@kt1997m-words#@kt1997m#188.16#188.56
387	это	это	PRON	_	Animacy=Inan|Case=Nom|Gender=Neut|Number=Sing	_	_	_	@kt1997m-words#@kt1997m#188.56#188.96
388	самое	самый	ADJ	_	Case=Nom|Degree=Pos|Gender=Neut|Number=Sing	_	_	_	@kt1997m-words#@kt1997m#188.96#189.36
389	первое	первый	ADJ	_	Case=Nom|Degree=Pos|Gender=Neut|Number=Sing	_	_	_	@kt1997m-words#@kt1997m#189.36#189.76
390	что	что	SCONJ	_	_	_	_	_	@kt1997m-words#@kt1997m#189.76#190.16
391	приходит	приходить	VERB	_	Aspect=Imp|Mood=Ind|Number=Sing|Person=3|Tense=Pres|VerbForm=Fin|Voice=Act	_	_	_	@kt1997m-words#@kt1997m#190.16#190.56
392	на	на	ADP	_	_	_	_	_	@kt1997m-words#@kt1997m#190.56#190.96
393	ум	ум	NOUN	_	Animacy=Inan|Case=Acc|Gender=Masc|Number=Sing	_	_	_	@kt1997m-words#@kt1997m#190.96#191.36
394	никто	никто	PRON	_	Case=Nom	_	_	_	@kt1997m-words#@kt1997m#191.36#191.76
395	даже	даже	PART	_	_	_	_	_	@kt1997m-words#@kt1997m#191.76#192.16
396	не	не	PART	_	_	_	_	_	@kt1997m-words#@kt1997m#192.16#192.56
397	хочет	хотеть	VERB	_	Aspect=Imp|Mood=Ind|Number=Sing|Person=3|Tense=Pres|VerbForm=Fin|Voice=Act	_	_	_	@kt1997m-words#@kt1997m#192.56#192.96
398	вникать	вникать	VERB	_	Aspect=Imp|VerbForm=Inf|Voice=Act	_	_	_	@kt1997m-words#@kt1997m#192.96#193.36
399	ммм	мм	INTJ	_	_	_	_	_	@kt1997m-words#@kt1997m#195.781#196.231
400	да	да	PART	_	_	_	_	_	@kt1997m-words#@kt1997m#196.231#196.681
401	я	я	PRON	_	Case=Nom|Number=Sing|Person=1	_	_	_	@kt1997m-words#@kt1997m#196.681#197.131
402	п…постоянно	постоянно	ADV	_	Degree=Pos	_	_	_	@kt1997m-words#@kt1997m#197.131#197.581
403	их	они	PRON	_	Case=Acc|Number=Plur|Person=3	_	_	_	@kt1997m-words#@kt1997m#197.581#198.031
404	встречаю	встречать	VERB	_	Aspect=Imp|Mood=Ind|Number=Sing|Person=1|Tense=Pres|VerbForm=Fin|Voice=Act	_	_	_	@kt1997m-words#@kt1997m#198.031#198.481
405	они	они	PRON	_	Case=Nom|Number=Plur|Person=3	_	_	_	@kt1997m-words#@kt1997m#198.481#198.931
406	повсюду	повсюду	ADV	_	Degree=Pos	_	_	_	@kt1997m-words#@kt1997m#198.931#199.381
407	вот	вот	PART	_	_	_	_	_	@kt1997m-words#@kt1997m#199.381#199.831
408	блять	блять	INTJ	_	_	_	_	_	@kt1997m-words#@kt1997m#199.831#200.281
409	пока	пока	ADV	_	Degree=Pos	_	_	_	@kt1997m-words#@kt1997m#200.281#200.731
410	сюда	сюда	ADV	_	Degree=Pos	_	_	_	@kt1997m-words#@kt1997m#200.731#201.181
411	ехал	ехать	VERB	_	Aspect=Imp|Gender=Masc|Mood=Ind|Number=Sing|Tense=Past|VerbForm=Fin|Voice=Act	_	_	_	@kt1997m-words#@kt1997m#201.181#201.631
412	долбоёбы	долбоёб	NOUN	_	Animacy=Anim|Case=Nom|Gender=Masc|Number=Plur	_	_	_	@kt1997m-words#@kt1997m#201.631#202.081
413	#вздыхает#	#вздыхает#	NOUN	_	Animacy=Inan|Case=Gen|Gender=Fem|Number=Sing	_	_	_	@kt1997m-words#@kt1997m#202.081#202.531
414	там	там	ADV	_	Degree=Pos	_	_	_	@kt1997m-words#@kt1997m#202.531#202.981
415	в	в	ADP	_	_	_	_	_	@kt1997m-words#@kt1997m#202.981#203.431
416	гостинице	гостиница	NOUN	_	Animacy=Inan|Case=Loc|Gender=Fem|Number=Sing	_	_	_	@kt1997m-words#@kt1997m#203.431#203.881
417	долбоебы	долбоеб	NOUN	_	Animacy=Inan|Case=Nom|Gender=Masc|Number=Plur	_	_	_	@kt1997m-words#@kt1997m#203.881#204.331
418	все	весь	DET	_	Case=Acc|Number=Plur	_	_	_	@kt1997m-words#@kt1997m#204.331#204.781
419	долбоёбы	долбоёб	NOUN	_	Animacy=Anim|Case=Nom|Gender=Masc|Number=Plur	_	_	_	@kt1997m-words#@kt1997m#204.781#205.25
420	да	да	PART	_	_	_	_	_	@kt1997m-words#@kt1997m#206.75#207.076
421	ну	ну	PART	_	_	_	_	_	@kt1997m-words#@kt1997m#207.076#207.402
422	не	не	PART	_	_	_	_	_	@kt1997m-words#@kt1997m#207.402#207.728
423	знаю	знать	VERB	_	Aspect=Imp|Mood=Ind|Number=Sing|Person=1|Tense=Pres|VerbForm=Fin|Voice=Act	_	_	_	@kt1997m-words#@kt1997m#207.728#208.054
424	просто	просто	PART	_	_	_	_	_	@kt1997m-words#@kt1997m#208.054#208.38
425	м	м	INTJ	_		_	_	_	@kt1997m-words#@kt1997m#208.38#208.706
426	большинство	большинство	NOUN	_	Animacy=Inan|Case=Nom|Gender=Neut|Number=Sing	_	_	_	@kt1997m-words#@kt1997m#208.706#209.032
427	людей	человек	NOUN	_	Animacy=Anim|Case=Gen|Gender=Masc|Number=Plur	_	_	_	@kt1997m-words#@kt1997m#209.032#209.358
428	долбоёбы	долбоёб	NOUN	_	Animacy=Anim|Case=Nom|Gender=Masc|Number=Plur	_	_	_	@kt1997m-words#@kt1997m#209.358#209.687
429	#вздыхает#	#вздыхает#	X	_		_	_	_	@kt1997m-words#@kt1997m#213.656#214.01
430	ну	ну	PART	_	_	_	_	_	@kt1997m-words#@kt1997m#214.01#214.364
431	это	этот	PRON	_	Animacy=Anim|Case=Nom|Gender=Neut|Number=Sing	_	_	_	@kt1997m-words#@kt1997m#214.364#214.718
432	баран	баран	NOUN	_	Animacy=Anim|Case=Nom|Gender=Masc|Number=Sing	_	_	_	@kt1997m-words#@kt1997m#214.718#215.072
433	который	который	DET	_	Case=Nom	_	_	_	@kt1997m-words#@kt1997m#215.072#215.426
434	ну	ну	PART	_	_	_	_	_	@kt1997m-words#@kt1997m#215.426#215.78
435	просто	просто	PART	_	_	_	_	_	@kt1997m-words#@kt1997m#215.78#216.134
436	типа	типа	PART	_		_	_	_	@kt1997m-words#@kt1997m#216.134#216.488
437	видит	видеть	VERB	_	Aspect=Imp|Mood=Ind|Number=Sing|Person=3|Tense=Pres|VerbForm=Fin|Voice=Act	_	_	_	@kt1997m-words#@kt1997m#216.488#216.842
438	то	то	SCONJ	_		_	_	_	@kt1997m-words#@kt1997m#216.842#217.196
439	шо	шо	SCONJ	_		_	_	_	@kt1997m-words#@kt1997m#217.196#217.55
440	ему	он	PRON	_	Case=Dat|Gender=Masc|Number=Sing|Person=3	_	_	_	@kt1997m-words#@kt1997m#217.55#217.904
441	не	не	PART	_	_	_	_	_	@kt1997m-words#@kt1997m#217.904#218.258
442	нравится	нравиться	VERB	_	Aspect=Imp|Mood=Ind|Number=Sing|Person=3|Tense=Pres|VerbForm=Fin|Voice=Mid	_	_	_	@kt1997m-words#@kt1997m#218.258#218.612
443	он	он	PRON	_	Case=Nom|Gender=Masc|Number=Sing|Person=3	_	_	_	@kt1997m-words#@kt1997m#218.612#218.966
444	не	не	PART	_	_	_	_	_	@kt1997m-words#@kt1997m#218.966#219.32
445	хочет	хотеть	VERB	_	Aspect=Imp|Mood=Ind|Number=Sing|Person=3|Tense=Pres|VerbForm=Fin|Voice=Act	_	_	_	@kt1997m-words#@kt1997m#219.32#219.674
446	это	это	PRON	_	Animacy=Inan|Case=Acc|Gender=Neut|Number=Sing	_	_	_	@kt1997m-words#@kt1997m#219.674#220.028
447	понимать	понимать	VERB	_	Aspect=Imp|VerbForm=Inf|Voice=Act	_	_	_	@kt1997m-words#@kt1997m#220.028#220.382
448	а	а	CCONJ	_	_	_	_	_	@kt1997m-words#@kt1997m#220.382#220.736
449	сразу	сразу	ADV	_	Degree=Pos	_	_	_	@kt1997m-words#@kt1997m#220.736#221.09
450	же	же	PART	_	_	_	_	_	@kt1997m-words#@kt1997m#221.09#221.444
451	отрицает	отрицать	VERB	_	Aspect=Imp|Mood=Ind|Number=Sing|Person=3|Tense=Pres|VerbForm=Fin|Voice=Act	_	_	_	@kt1997m-words#@kt1997m#221.444#221.798
452	вот	вот	PART	_	_	_	_	_	@kt1997m-words#@kt1997m#221.798#222.152
453	он	он	PRON	_	Case=Nom|Gender=Masc|Number=Sing|Person=3	_	_	_	@kt1997m-words#@kt1997m#222.152#222.506
454	долбоёб	долбоёб	NOUN	_	Animacy=Anim|Case=Nom|Gender=Masc|Number=Sing	_	_	_	@kt1997m-words#@kt1997m#222.506#222.86
455	#вздыхает#	#вздыхает#	X	_		_	_	_	@kt1997m-words#@kt1997m#222.86#223.214
456	а	а	CCONJ	_	_	_	_	_	@kt1997m-words#@kt1997m#223.214#223.568
457	нормальный	нормальный	ADJ	_	Case=Nom|Degree=Pos|Gender=Masc|Number=Sing	_	_	_	@kt1997m-words#@kt1997m#223.568#223.922
458	человек	человек	NOUN	_	Animacy=Anim|Case=Nom|Gender=Masc|Number=Sing	_	_	_	@kt1997m-words#@kt1997m#223.922#224.276
459	умный	умный	ADJ	_	Case=Nom|Degree=Pos|Gender=Masc|Number=Sing	_	_	_	@kt1997m-words#@kt1997m#224.276#224.63
460	он	он	PRON	_	Case=Nom|Gender=Masc|Number=Sing|Person=3	_	_	_	@kt1997m-words#@kt1997m#224.63#224.984
461	мм	мм	INTJ	_	_	_	_	_	@kt1997m-words#@kt1997m#224.984#225.338
462	не	не	INTJ	_	_	_	_	_	@kt1997m-words#@kt1997m#225.338#225.692
463	будет	быть	AUX	_	Aspect=Imp|Mood=Ind|Number=Sing|Person=3|Tense=Pres|VerbForm=Fin|Voice=Act	_	_	_	@kt1997m-words#@kt1997m#225.692#226.046
464	срать	срать	VERB	_	Aspect=Imp|VerbForm=Inf|Voice=Act	_	_	_	@kt1997m-words#@kt1997m#226.046#226.4
465	то	то	SCONJ	_		_	_	_	@kt1997m-words#@kt1997m#226.4#226.754
466	шо	шо	SCONJ	_		_	_	_	@kt1997m-words#@kt1997m#226.754#227.108
467	ему	он	PRON	_	Case=Dat|Gender=Masc|Number=Sing|Person=3	_	_	_	@kt1997m-words#@kt1997m#227.108#227.462
468	просто	просто	PART	_	_	_	_	_	@kt1997m-words#@kt1997m#227.462#227.816
469	не	не	PART	_	_	_	_	_	@kt1997m-words#@kt1997m#227.816#228.17
470	нравится	нравиться	VERB	_	Aspect=Imp|Mood=Ind|Number=Sing|Person=3|Tense=Pres|VerbForm=Fin|Voice=Mid	_	_	_	@kt1997m-words#@kt1997m#228.17#228.524
471	и	и	CCONJ	_	_	_	_	_	@kt1997m-words#@kt1997m#228.524#228.878
472	то	то	SCONJ	_	_	_	_	_	@kt1997m-words#@kt1997m#228.878#229.232
473	шо	шо	SCONJ	_		_	_	_	@kt1997m-words#@kt1997m#229.232#229.586
474	он	он	PRON	_	Case=Nom|Gender=Masc|Number=Sing|Person=3	_	_	_	@kt1997m-words#@kt1997m#229.586#229.94
475	не	не	PART	_	_	_	_	_	@kt1997m-words#@kt1997m#229.94#230.294
476	понимает	понимать	VERB	_	Aspect=Imp|Mood=Ind|Number=Sing|Person=3|Tense=Pres|VerbForm=Fin|Voice=Act	_	_	_	@kt1997m-words#@kt1997m#230.294#230.656
477	охуенно	охуенно	ADV	_	Degree=Pos	_	_	_	@kt1997m-words#@kt1997m#235.707#236.255
478	да	да	PART	_	_	_	_	_	@kt1997m-words#@kt1997m#239.918#240.418
479	да	да	PART	_	_	_	_	_	@kt1997m-words#@kt1997m#240.418#240.918
480	э	э	INTJ	_	_	_	_	_	@kt1997m-words#@kt1997m#243.279#243.672
481	если	если	SCONJ	_	_	_	_	_	@kt1997m-words#@kt1997m#243.672#244.065
482	я	я	PRON	_	Case=Nom|Number=Sing|Person=1	_	_	_	@kt1997m-words#@kt1997m#244.065#244.458
483	не	не	PART	_	_	_	_	_	@kt1997m-words#@kt1997m#244.458#244.851
484	ошибаюсь	ошибиться	VERB	_	Aspect=Imp|Mood=Ind|Number=Sing|Person=1|Tense=Pres|VerbForm=Fin|Voice=Mid	_	_	_	@kt1997m-words#@kt1997m#244.851#245.244
485	это	это	PRON	_	Animacy=Inan|Case=Acc|Gender=Neut|Number=Sing	_	_	_	@kt1997m-words#@kt1997m#245.244#245.637
486	Люба	Люба	PROPN	_	Animacy=Anim|Case=Nom|Gender=Fem|Number=Sing	_	_	_	@kt1997m-words#@kt1997m#245.637#246.03
487	придумала	придумать	VERB	_	Aspect=Perf|Gender=Fem|Mood=Ind|Number=Sing|Tense=Past|VerbForm=Fin|Voice=Act	_	_	_	@kt1997m-words#@kt1997m#246.03#246.423
488	это	этот	PRON	_	Animacy=Inan|Case=Acc|Gender=Neut|Number=Sing	_	_	_	@kt1997m-words#@kt1997m#246.423#246.816
489	прикольная	прикольный	ADJ	_	Case=Nom|Degree=Pos|Gender=Fem|Number=Sing	_	_	_	@kt1997m-words#@kt1997m#246.816#247.209
490	идея	идея	NOUN	_	Animacy=Inan|Case=Nom|Gender=Fem|Number=Sing	_	_	_	@kt1997m-words#@kt1997m#247.209#247.602
491	вообще-то	вообще-то	ADV	_		_	_	_	@kt1997m-words#@kt1997m#247.602#248.0
492	арт-директор	арт-директор	NOUN	_	Animacy=Anim|Case=Nom|Gender=Masc|Number=Sing	_	_	_	@kt1997m-words#@kt1997m#249.0#249.313
493	ну	ну	PART	_	_	_	_	_	@kt1997m-words#@kt1997m#249.313#249.626
494	нез…	нез..	X	_	_	_	_	_	@kt1997m-words#@kt1997m#249.626#249.939
495	нельзя	нельзя	ADV	_	Degree=Pos	_	_	_	@kt1997m-words#@kt1997m#249.939#250.252
496	сказать	сказать	VERB	_	Aspect=Perf|VerbForm=Inf|Voice=Act	_	_	_	@kt1997m-words#@kt1997m#250.252#250.565
497	что	что	SCONJ	_	_	_	_	_	@kt1997m-words#@kt1997m#250.565#250.878
498	прям	прямо	NOUN	_	Animacy=Anim|Case=Dat|Gender=Masc|Number=Plur	_	_	_	@kt1997m-words#@kt1997m#250.878#251.191
499	арт-директор	арт-директор	NOUN	_	Animacy=Anim|Case=Nom|Gender=Masc|Number=Sing	_	_	_	@kt1997m-words#@kt1997m#251.191#251.511
500	ну	ну	INTJ	_	_	_	_	_	@kt1997m-words#@kt1997m#252.862#253.603
501	да	да	INTJ	_	_	_	_	_	@kt1997m-words#@kt1997m#253.603#254.344
502	она	она	PRON	_	Case=Nom|Gender=Fem|Number=Sing|Person=3	_	_	_	@kt1997m-words#@kt1997m#254.344#254.675
503	нам	мы	PRON	_	Case=Dat|Number=Plur|Person=1	_	_	_	@kt1997m-words#@kt1997m#254.675#255.006
504	она	она	PRON	_	Case=Nom|Gender=Fem|Number=Sing|Person=3	_	_	_	@kt1997m-words#@kt1997m#255.006#255.337
505	нам	мы	PRON	_	Case=Dat|Number=Plur|Person=1	_	_	_	@kt1997m-words#@kt1997m#255.337#255.668
506	помогает	помогать	VERB	_	Aspect=Imp|Mood=Ind|Number=Sing|Person=3|Tense=Pres|VerbForm=Fin|Voice=Act	_	_	_	@kt1997m-words#@kt1997m#255.668#255.999
507	вот	вот	PART	_	_	_	_	_	@kt1997m-words#@kt1997m#255.999#256.33
508	с	с	ADP	_	_	_	_	_	@kt1997m-words#@kt1997m#256.33#256.661
509	визуальной	визуальный	ADJ	_	Case=Ins|Degree=Pos|Gender=Fem|Number=Sing	_	_	_	@kt1997m-words#@kt1997m#256.661#256.992
510	картинкой	картинка	NOUN	_	Animacy=Inan|Case=Ins|Gender=Fem|Number=Sing	_	_	_	@kt1997m-words#@kt1997m#256.992#257.323
511	м	мм	INTJ	_	_	_	_	_	@kt1997m-words#@kt1997m#257.323#257.654
512	она	она	PRON	_	Case=Nom|Gender=Fem|Number=Sing|Person=3	_	_	_	@kt1997m-words#@kt1997m#257.654#257.985
513	очень	очень	ADV	_	Degree=Pos	_	_	_	@kt1997m-words#@kt1997m#257.985#258.316
514	пиздато	пиздато	ADV	_	Degree=Pos	_	_	_	@kt1997m-words#@kt1997m#258.316#258.647
515	делает	делать	VERB	_	Aspect=Imp|Mood=Ind|Number=Sing|Person=3|Tense=Pres|VerbForm=Fin|Voice=Act	_	_	_	@kt1997m-words#@kt1997m#258.647#258.978
516	мы	мы	PRON	_	Case=Nom|Number=Plur|Person=1	_	_	_	@kt1997m-words#@kt1997m#258.978#259.309
517	нашли	найти	VERB	_	Aspect=Perf|Mood=Ind|Number=Plur|Tense=Past|VerbForm=Fin|Voice=Act	_	_	_	@kt1997m-words#@kt1997m#259.309#259.64
518	с	с	ADP	_	_	_	_	_	@kt1997m-words#@kt1997m#259.64#259.971
519	ней	она	PRON	_	Case=Ins|Gender=Fem|Number=Sing|Person=3	_	_	_	@kt1997m-words#@kt1997m#259.971#260.302
520	общий	общий	ADJ	_	Animacy=Inan|Case=Acc|Degree=Pos|Gender=Masc|Number=Sing	_	_	_	@kt1997m-words#@kt1997m#260.302#260.633
521	язык	язык	NOUN	_	Animacy=Inan|Case=Acc|Gender=Masc|Number=Sing	_	_	_	@kt1997m-words#@kt1997m#260.633#260.964
522	охуенно	охуенно	ADV	_	Degree=Pos	_	_	_	@kt1997m-words#@kt1997m#260.964#261.31
523	да	да	PART	_	_	_	_	_	@kt1997m-words#@kt1997m#272.04#272.438
524	и	и	PART	_	_	_	_	_	@kt1997m-words#@kt1997m#272.438#272.836
525	снимала	снимать	VERB	_	Aspect=Imp|Gender=Fem|Mood=Ind|Number=Sing|Tense=Past|VerbForm=Fin|Voice=Act	_	_	_	@kt1997m-words#@kt1997m#272.836#273.234
526	она	она	PRON	_	Case=Nom|Gender=Fem|Number=Sing|Person=3	_	_	_	@kt1997m-words#@kt1997m#273.234#273.632
527	это	это	PRON	_	Animacy=Inan|Case=Nom|Gender=Neut|Number=Sing	_	_	_	@kt1997m-words#@kt1997m#273.632#274.03
528	и	и	CCONJ	_	_	_	_	_	@kt1997m-words#@kt1997m#274.03#274.428
529	был	быть	AUX	_	Aspect=Imp|Gender=Masc|Mood=Ind|Number=Sing|Tense=Past|VerbForm=Fin|Voice=Act	_	_	_	@kt1997m-words#@kt1997m#274.428#274.826
530	её	она	DET	_	_	_	_	_	@kt1997m-words#@kt1997m#274.826#275.224
531	первый	первый	ADJ	_	Animacy=Inan|Case=Acc|Degree=Pos|Gender=Masc|Number=Sing	_	_	_	@kt1997m-words#@kt1997m#275.224#275.622
532	клип	клип	NOUN	_	Animacy=Inan|Case=Acc|Gender=Masc|Number=Sing	_	_	_	@kt1997m-words#@kt1997m#275.622#276.02
533	во-первых	во-первых	ADV	_	Degree=Pos	_	_	_	@kt1997m-words#@kt1997m#276.02#276.418
534	снимали	снимать	VERB	_	Aspect=Imp|Mood=Ind|Number=Plur|Tense=Past|VerbForm=Fin|Voice=Act	_	_	_	@kt1997m-words#@kt1997m#276.418#276.816
535	мы	мы	PRON	_	Case=Nom|Number=Plur|Person=1	_	_	_	@kt1997m-words#@kt1997m#276.816#277.214
536	его	он	PRON	_	Case=Acc|Gender=Masc|Number=Sing|Person=3	_	_	_	@kt1997m-words#@kt1997m#277.214#277.612
537	на	на	ADP	_	_	_	_	_	@kt1997m-words#@kt1997m#277.612#278.01
538	фотик	фотик	NOUN	_	Animacy=Inan|Case=Acc|Gender=Masc|Number=Sing	_	_	_	@kt1997m-words#@kt1997m#278.01#278.408
539	#вздыхает#	#вздыхает#	NOUN	_	Animacy=Inan|Case=Gen|Gender=Fem|Number=Sing	_	_	_	@kt1997m-words#@kt1997m#278.408#278.806
540	мы	мы	PRON	_	Case=Nom|Number=Plur|Person=1	_	_	_	@kt1997m-words#@kt1997m#278.806#279.204
541	просто	просто	PART	_	_	_	_	_	@kt1997m-words#@kt1997m#279.204#279.602
542	тупо	тупо	ADV	_	Degree=Pos	_	_	_	@kt1997m-words#@kt1997m#279.602#280.0
543	ходили	ходить	VERB	_	Aspect=Imp|Mood=Ind|Number=Plur|Tense=Past|VerbForm=Fin|Voice=Act	_	_	_	@kt1997m-words#@kt1997m#280.0#280.398
544	бухали	бухать	NOUN	_	Aspect=Imp|Mood=Ind|Number=Plur|Tense=Past|VerbForm=Fin|Voice=Act	_	_	_	@kt1997m-words#@kt1997m#280.398#280.796
545	и	и	CCONJ	_	_	_	_	_	@kt1997m-words#@kt1997m#280.796#281.194
546	снимали	снимать	VERB	_	Aspect=Imp|Mood=Ind|Number=Plur|Tense=Past|VerbForm=Fin|Voice=Act	_	_	_	@kt1997m-words#@kt1997m#281.194#281.592
547	всякую	всякий	DET	_	Case=Acc|Gender=Fem|Number=Sing	_	_	_	@kt1997m-words#@kt1997m#281.592#281.99
548	хуйню	хуйня	NOUN	_	Animacy=Inan|Case=Acc|Gender=Fem|Number=Sing	_	_	_	@kt1997m-words#@kt1997m#281.99#282.388
549	то	то	CCONJ	_		_	_	_	@kt1997m-words#@kt1997m#282.388#282.786
550	есть	быть	CCONJ	_		_	_	_	@kt1997m-words#@kt1997m#282.786#283.184
551	б…без	без	ADP	_	_	_	_	_	@kt1997m-words#@kt1997m#283.184#283.582
552	там	там	PART	_		_	_	_	@kt1997m-words#@kt1997m#283.582#283.98
553	#вздыхает#	#вздыхает#	X	_		_	_	_	@kt1997m-words#@kt1997m#283.98#284.378
554	какого-то	какой-то	DET	_	Case=Gen|Gender=Masc|Number=Sing	_	_	_	@kt1997m-words#@kt1997m#284.378#284.776
555	п…плана	план	NOUN	_	Animacy=Inan|Case=Gen|Gender=Masc|Number=Sing	_	_	_	@kt1997m-words#@kt1997m#284.776#285.174
556	и	и	CCONJ	_	_	_	_	_	@kt1997m-words#@kt1997m#285.174#285.572
557	просто	просто	PART	_	_	_	_	_	@kt1997m-words#@kt1997m#285.572#285.97
558	потом	потом	ADV	_	Degree=Pos	_	_	_	@kt1997m-words#@kt1997m#285.97#286.368
559	смонтировали	смонтировать	VERB	_	Aspect=Perf|Mood=Ind|Number=Plur|Tense=Past|VerbForm=Fin|Voice=Act	_	_	_	@kt1997m-words#@kt1997m#286.368#286.766
560	и	и	PART	_	_	_	_	_	@kt1997m-words#@kt1997m#286.766#287.164
561	всё	весь	DET	_	Case=Acc|Gender=Neut|Number=Sing	_	_	_	@kt1997m-words#@kt1997m#287.164#287.571
562	мм	мм	INTJ	_	_	_	_	_	@kt1997m-words#@kt1997m#288.01#288.304
563	я	я	PRON	_	Case=Nom|Number=Sing|Person=1	_	_	_	@kt1997m-words#@kt1997m#288.304#288.598
564	считаю	считать	VERB	_	Aspect=Imp|Mood=Ind|Number=Sing|Person=1|Tense=Pres|VerbForm=Fin|Voice=Act	_	_	_	@kt1997m-words#@kt1997m#288.598#288.892
565	получилось	получиться	VERB	_	Aspect=Perf|Gender=Neut|Mood=Ind|Number=Sing|Tense=Past|VerbForm=Fin|Voice=Mid	_	_	_	@kt1997m-words#@kt1997m#288.892#289.186
566	круто	круто	ADV	_	Degree=Pos	_	_	_	@kt1997m-words#@kt1997m#289.186#289.48
567	как	как	ADV	_	Degree=Pos	_	_	_	@kt1997m-words#@kt1997m#289.48#289.774
568	бы	бы	PART	_	_	_	_	_	@kt1997m-words#@kt1997m#289.774#290.068
569	его	он	PRON	_	Case=Acc|Gender=Masc|Number=Sing|Person=3	_	_	_	@kt1997m-words#@kt1997m#290.068#290.362
570	не	не	PART	_	_	_	_	_	@kt1997m-words#@kt1997m#290.362#290.656
571	обосрали	обосрать	VERB	_	Aspect=Perf|Mood=Ind|Number=Plur|Tense=Past|VerbForm=Fin|Voice=Act	_	_	_	@kt1997m-words#@kt1997m#290.656#290.95
572	это	это	PRON	_	Animacy=Inan|Case=Nom|Gender=Neut|Number=Sing	_	_	_	@kt1997m-words#@kt1997m#290.95#291.244
573	получилось	получиться	VERB	_	Aspect=Perf|Gender=Neut|Mood=Ind|Number=Sing|Tense=Past|VerbForm=Fin|Voice=Mid	_	_	_	@kt1997m-words#@kt1997m#291.244#291.538
574	реально	реально	ADV	_	Degree=Pos	_	_	_	@kt1997m-words#@kt1997m#291.538#291.832
575	прикольно	прикольно	ADV	_	Degree=Pos	_	_	_	@kt1997m-words#@kt1997m#291.832#292.126
576	и	и	CCONJ	_	_	_	_	_	@kt1997m-words#@kt1997m#292.126#292.42
577	стильно	стильно	ADV	_	Degree=Pos	_	_	_	@kt1997m-words#@kt1997m#292.42#292.724
578	#вздыхает#	#вздыхает#	X	_		_	_	_	@kt1997m-words#@kt1997m#294.4#294.796
579	а	а	CCONJ	_	_	_	_	_	@kt1997m-words#@kt1997m#294.796#295.192
580	в	в	ADP	_	_	_	_	_	@kt1997m-words#@kt1997m#295.192#295.588
581	Москве	Москва	PROPN	_	Animacy=Inan|Case=Loc|Gender=Fem|Number=Sing	_	_	_	@kt1997m-words#@kt1997m#295.588#295.984
582	и	и	CCONJ	_	_	_	_	_	@kt1997m-words#@kt1997m#295.984#296.38
583	в	в	ADP	_	_	_	_	_	@kt1997m-words#@kt1997m#296.38#296.776
584	Питере	Питер	PROPN	_	Animacy=Inan|Case=Loc|Gender=Masc|Number=Sing	_	_	_	@kt1997m-words#@kt1997m#296.776#297.172
585	в	в	ADP	_	_	_	_	_	@kt1997m-words#@kt1997m#297.172#297.568
586	разные	разный	ADJ	_	Animacy=Inan|Case=Acc|Degree=Pos|Number=Plur	_	_	_	@kt1997m-words#@kt1997m#297.568#297.964
587	дни	день	NOUN	_	Animacy=Inan|Case=Acc|Gender=Masc|Number=Plur	_	_	_	@kt1997m-words#@kt1997m#297.964#298.366
588	да	да	INTJ	_	_	_	_	_	@kt1997m-words#@kt1997m#302.06#302.47
589	мгм	мгм	INTJ	_		_	_	_	@kt1997m-words#@kt1997m#302.47#302.88
590	да	да	INTJ	_	_	_	_	_	@kt1997m-words#@kt1997m#302.88#303.29
591	м	мм	INTJ	_	_	_	_	_	@kt1997m-words#@kt1997m#305.1#305.433
592	ну	ну	INTJ	_	_	_	_	_	@kt1997m-words#@kt1997m#305.433#305.766
593	знакомая	знакомая	NOUN	_	Animacy=Anim|Case=Nom|Gender=Fem|Number=Sing	_	_	_	@kt1997m-words#@kt1997m#305.766#306.1
594	нет	нет	PRED	_	_	_	_	_	@kt1997m-words#@kt1997m#307.25#307.81
595	не-не-не	не-не-не	INTJ	_	_	_	_	_	@kt1997m-words#@kt1997m#308.99#309.66
596	она	она	PRON	_	Case=Nom|Gender=Fem|Number=Sing|Person=3	_	_	_	@kt1997m-words#@kt1997m#312.4#312.709
597	из	из	ADP	_	_	_	_	_	@kt1997m-words#@kt1997m#312.709#313.018
598	вечеринки	вечеринка	PROPN	_	Animacy=Inan|Case=Gen|Gender=Fem|Number=Sing	_	_	_	@kt1997m-words#@kt1997m#313.018#313.327
599	с	с	PROPN	_	_	_	_	_	@kt1997m-words#@kt1997m#313.327#313.636
600	бассейном	бассейн	PROPN	_	Animacy=Inan|Case=Ins|Gender=Masc|Number=Sing	_	_	_	@kt1997m-words#@kt1997m#313.636#313.945
601	была	быть	AUX	_	Aspect=Imp|Gender=Fem|Mood=Ind|Number=Sing|Tense=Past|VerbForm=Fin|Voice=Act	_	_	_	@kt1997m-words#@kt1997m#313.945#314.256
602	а	а	CCONJ	_	_	_	_	_	@kt1997m-words#@kt1997m#316.08#316.465
603	ну	ну	PART	_	_	_	_	_	@kt1997m-words#@kt1997m#316.465#316.85
604	потому	потому	SCONJ	_	Degree=Pos	_	_	_	@kt1997m-words#@kt1997m#316.85#317.235
605	что	что	SCONJ	_	_	_	_	_	@kt1997m-words#@kt1997m#317.235#317.62
606	она	она	PRON	_	Case=Nom|Gender=Fem|Number=Sing|Person=3	_	_	_	@kt1997m-words#@kt1997m#317.62#318.005
607	очень	очень	ADV	_	Degree=Pos	_	_	_	@kt1997m-words#@kt1997m#318.005#318.39
608	охуенно	охуенно	ADV	_	Degree=Pos	_	_	_	@kt1997m-words#@kt1997m#318.39#318.775
609	вписывается	вписываться	VERB	_	Aspect=Imp|Mood=Ind|Number=Sing|Person=3|Tense=Pres|VerbForm=Fin|Voice=Pass	_	_	_	@kt1997m-words#@kt1997m#318.775#319.16
610	в	в	ADP	_	_	_	_	_	@kt1997m-words#@kt1997m#319.16#319.545
611	образ	образ	NOUN	_	Animacy=Inan|Case=Acc|Gender=Masc|Number=Sing	_	_	_	@kt1997m-words#@kt1997m#319.545#319.93
612	Пошлой	Пошлая	PROPN	_	Animacy=Anim|Case=Gen|Gender=Masc|Number=Sing	_	_	_	@kt1997m-words#@kt1997m#319.93#320.315
613	Молли	Молли	PROPN	_	Animacy=Anim|Case=Gen|Gender=Masc|Number=Sing	_	_	_	@kt1997m-words#@kt1997m#320.315#320.7
614	очень	очень	ADV	_	Degree=Pos	_	_	_	@kt1997m-words#@kt1997m#320.7#321.085
615	прям	прям	PART	_		_	_	_	@kt1997m-words#@kt1997m#321.085#321.47
616	подходит	подходить	VERB	_	Aspect=Imp|Mood=Ind|Number=Sing|Person=3|Tense=Pres|VerbForm=Fin|Voice=Act	_	_	_	@kt1997m-words#@kt1997m#321.47#321.855
617	вообще	вообще	ADV	_	Degree=Pos	_	_	_	@kt1997m-words#@kt1997m#321.855#322.24
618	охуенно	охуенно	ADV	_	Degree=Pos	_	_	_	@kt1997m-words#@kt1997m#322.24#322.63
619	и	и	CCONJ	_	_	_	_	_	@kt1997m-words#@kt1997m#322.96#323.475
620	вообще	вообще	ADV	_	Degree=Pos	_	_	_	@kt1997m-words#@kt1997m#323.475#323.99
621	пиздатая	пиздатый	ADJ	_	Case=Nom|Degree=Pos|Gender=Fem|Number=Sing	_	_	_	@kt1997m-words#@kt1997m#323.99#324.505
622	телка	телка	NOUN	_	Animacy=Anim|Case=Nom|Gender=Fem|Number=Sing	_	_	_	@kt1997m-words#@kt1997m#324.505#325.021
623	это	это	PRON	_	Animacy=Inan|Case=Nom|Gender=Neut|Number=Sing	_	_	_	@kt1997m-words#@kt1997m#325.021#325.372
624	ж	же	PART	_	_	_	_	_	@kt1997m-words#@kt1997m#325.372#325.723
625	инстаграм	инстаграм	ADJ	_	Case=Nom|Degree=Pos|Gender=Fem|Number=Sing	_	_	_	@kt1997m-words#@kt1997m#325.723#326.074
626	модель	модель	NOUN	_	Animacy=Inan|Case=Nom|Gender=Fem|Number=Sing	_	_	_	@kt1997m-words#@kt1997m#326.074#326.426
